"city","city_ascii","state_id","state_name","county_fips","county_name","lat","lng","population","density","source","military","incorporated","timezone","ranking","zips","id"
"New York","New York","NY","New York","36081","Queens","40.6943","-73.9249","18680025","10768","shape","FALSE","TRUE","America/New_York","1","11229 11228 11226 11225 11224 11222 11221 11220 11385 10169 10168 10167 10165 10162 10282 10280 10040 10044 11109 11102 11103 11106 11104 11697 11694 11692 11693 11691 10271 10279 10278 10075 11249 10452 11451 10475 10474 10471 10470 10473 10472 11223 10103 11368 11369 11366 11367 11364 11365 11362 11363 11360 11361 10028 10029 10026 10027 10024 10025 10022 10023 10020 10021 11212 11213 11210 11211 11216 11217 11214 11215 11218 11219 10152 10153 10154 10310 10311 10312 10314 11439 11432 11433 11430 11436 11434 11435 10453 10451 10457 10456 10455 10454 10459 10458 10128 10004 10005 10006 10007 10001 10002 10003 10009 11238 11239 11230 11231 11232 11233 11234 11235 11236 11237 11379 11378 11375 11374 11377 11371 11370 11373 11372 10170 10171 10172 10173 10174 10177 11356 10039 10038 10035 10034 10037 10036 10031 10030 10033 10032 11201 11209 11203 11205 11204 11207 11206 11208 11411 11412 11413 11414 11415 11416 11417 11418 11419 11101 11105 11001 11005 11004 10065 10069 10199 10309 10308 10307 10306 10305 10304 10303 10302 10301 11429 11428 11421 11420 11423 11422 11424 11427 11426 10466 10467 10464 10465 10462 10463 10460 10461 10468 10469 10119 10115 10112 10110 10111 11359 11358 11357 11355 11354 10019 10018 10013 10012 10011 10010 10017 10016 10014","1840034016"
"Los Angeles","Los Angeles","CA","California","06037","Los Angeles","34.1141","-118.4068","12531334","3267","shape","FALSE","TRUE","America/Los_Angeles","1","91367 90291 90293 90292 91316 91311 90035 90034 90037 90031 90039 90008 90004 90005 90006 90007 90001 90002 90003 91504 91040 90710 90089 91307 91344 91345 91340 91342 91343 90036 90247 91411 91436 91371 91608 91605 91604 91607 91606 91601 91602 90402 90068 90069 90062 90063 90061 90066 90067 90064 90065 90248 91326 91324 91325 90013 90012 90011 90010 90017 90016 90015 90014 91364 90028 90095 90094 91042 91352 91356 91406 91402 90041 90042 90043 90044 90045 90046 90047 90048 90049 90019 90018 91423 90210 91303 91304 91306 90079 90071 90077 90059 91331 91330 91335 90026 90027 90024 90025 90023 90020 90021 90029 90272 90732 90731 90230 91405 91403 91401 90033 90032 90038 90057 90052 90058 90744 90501 90502","1840020491"
"Chicago","Chicago","IL","Illinois","17031","Cook","41.8375","-87.6866","8586888","4576","shape","FALSE","TRUE","America/Chicago","1","60018 60649 60641 60640 60643 60642 60645 60644 60647 60646 60616 60617 60614 60615 60612 60613 60610 60611 60618 60619 60631 60827 60661 60660 60638 60639 60634 60636 60637 60630 60632 60633 60605 60604 60607 60606 60601 60603 60602 60609 60608 60106 60659 60652 60653 60656 60657 60654 60655 60651 60623 60622 60621 60620 60626 60625 60624 60629 60628 60707","1840000494"
"Miami","Miami","FL","Florida","12086","Miami-Dade","25.7840","-80.2101","6076316","4945","shape","FALSE","TRUE","America/New_York","1","33128 33129 33125 33126 33127 33149 33144 33145 33142 33139 33138 33137 33136 33135 33134 33133 33132 33131 33130 33150 33101 33109","1840015149"
"Dallas","Dallas","TX","Texas","48113","Dallas","32.7935","-96.7667","5910669","1522","shape","FALSE","TRUE","America/Chicago","1","75098 75287 75230 75231 75236 75237 75235 75254 75251 75252 75253 75043 75032 75227 75238 75232 75233 75234 75089 75088 75087 75247 75244 75249 75248 75051 75166 75210 75211 75212 75214 75215 75216 75217 75218 75219 75390 75182 75229 75228 75220 75223 75225 75224 75226 75243 75241 75240 75246 75270 75207 75206 75204 75203 75202 75201 75209 75208 75019","1840019440"
"Houston","Houston","TX","Texas","48201","Harris","29.7860","-95.3885","5724418","1394","shape","FALSE","TRUE","America/Chicago","1","77069 77068 77061 77060 77063 77062 77065 77064 77067 77066 77346 77571 77036 77037 77034 77035 77032 77033 77030 77031 77038 77449 77093 77044 77043 77042 77204 77598 77018 77019 77015 77016 77017 77010 77011 77012 77013 77094 77091 77092 77053 77345 77547 77080 77025 77024 77027 77026 77021 77020 77023 77022 77029 77028 77096 77090 77098 77099 77078 77079 77072 77073 77070 77071 77076 77077 77074 77075 77407 77047 77046 77045 77041 77040 77048 77336 77339 77338 77489 77003 77002 77007 77006 77005 77004 77009 77008 77450 77086 77089 77088 77083 77082 77081 77087 77085 77084 77054 77055 77056 77057 77058 77059 77396 77051 77506 77504","1840020925"
"Philadelphia","Philadelphia","PA","Pennsylvania","42101","Philadelphia","40.0077","-75.1339","5540199","4544","shape","FALSE","TRUE","America/New_York","1","19154 19151 19150 19153 19152 19102 19103 19106 19107 19104 19108 19109 19128 19129 19120 19121 19122 19123 19124 19125 19126 19127 19112 19111 19115 19114 19116 19119 19118 19148 19149 19146 19147 19144 19145 19142 19143 19140 19141 19139 19138 19137 19136 19135 19134 19133 19132 19131 19130","1840000673"
"Atlanta","Atlanta","GA","Georgia","13121","Fulton","33.7628","-84.4220","5151496","1419","shape","FALSE","TRUE","America/New_York","1","30334 30331 30332 30309 30308 30354 30327 30322 30326 30324 30319 30342 30305 30307 30306 30316 30317 30314 30315 30312 30313 30310 30311 30303 30363 30318","1840013660"
"Washington","Washington","DC","District of Columbia","11001","District of Columbia","38.9047","-77.0163","5066973","4434","shape","FALSE","TRUE","America/New_York","1","20250 20010 20011 20012 20015 20520 20418 20415 20020 20024 20510 20515 20427 20422 20530 20542 20540 20240 20245 20204 20005 20004 20003 20002 20001 20009 20008 20317 20319 20390 20059 20057 20052 20388 20017 20018 20565 20566 20560 20591 20220 20064 20551 20230 20373 20260 20007 20006 20032 20036 20037 20431 20045 20408 20535 20016 20019","1840006060"
"Boston","Boston","MA","Massachusetts","25025","Suffolk","42.3188","-71.0852","4465966","5505","shape","FALSE","TRUE","America/New_York","1","02120 02121 02122 02124 02125 02126 02127 02128 02129 02210 02215 02467 02119 02118 02111 02110 02113 02115 02114 02116 02199 02134 02136 02135 02133 02132 02131 02130 02203 02205 02163 02108 02109","1840000455"
"Phoenix","Phoenix","AZ","Arizona","04013","Maricopa","33.5722","-112.0892","4187723","1236","shape","FALSE","TRUE","America/Phoenix","1","85009 85003 85006 85007 85004 85083 85086 85087 85085 85331 85033 85306 85308 85020 85021 85022 85023 85024 85026 85027 85028 85029 85353 85019 85018 85013 85012 85015 85014 85016 85254 85008 85044 85045 85042 85043 85040 85041 85048 85037 85035 85034 85032 85031 85017 85304 85307 85266 85310 85054 85051 85050 85053","1840020568"
"Detroit","Detroit","MI","Michigan","26163","Wayne","42.3834","-83.1024","3731486","1871","shape","FALSE","TRUE","America/Detroit","1","48209 48208 48202 48201 48207 48206 48205 48204 48227 48238 48239 48234 48235 48233 48203 48243 48228 48226 48214 48215 48216 48217 48210 48211 48212 48213 48219 48224 48221 48223","1840003971"
"San Francisco","San Francisco","CA","California","06075","San Francisco","37.7558","-122.4449","3557982","7199","shape","FALSE","TRUE","America/Los_Angeles","1","94130 94131 94132 94133 94134 94103 94102 94105 94104 94188 94158 94124 94123 94122 94121 94129 94118 94108 94107 94112 94110 94116 94117 94114 94115 94111 94109 94127","1840021543"
"Seattle","Seattle","WA","Washington","53033","King","47.6211","-122.3244","3530752","3414","shape","FALSE","TRUE","America/Los_Angeles","1","98109 98108 98105 98104 98107 98106 98101 98103 98102 98154 98122 98121 98126 98125 98178 98174 98177 98144 98146 98195 98199 98118 98119 98116 98117 98115 98112 98164 98134 98136 98133","1840021117"
"San Diego","San Diego","CA","California","06073","San Diego","32.8313","-117.1222","3178495","1675","shape","FALSE","TRUE","America/Los_Angeles","1","92182 92109 92108 92107 92106 92103 92101 92111 92154 92110 92140 92161 92105 92104 92102 92071 92132 92130 92131 92136 92134 92139 92025 92027 92147 92145 92014 92093 92092 92119 92116 92117 92121 92120 92123 92122 92124 92127 92126 92129 92128 92037 92173 92113 92114 92115","1840021990"
"Minneapolis","Minneapolis","MN","Minnesota","27053","Hennepin","44.9635","-93.2678","2885614","3035","shape","FALSE","TRUE","America/Chicago","1","55404 55409 55408 55407 55406 55405 55403 55402 55401 55454 55455 55430 55418 55419 55410 55411 55412 55413 55414 55415 55416 55417","1840007830"
"Tampa","Tampa","FL","Florida","12057","Hillsborough","27.9945","-82.4447","2771700","1340","shape","FALSE","TRUE","America/New_York","1","33637 33629 33621 33620 33609 33604 33606 33602 33619 33616 33613 33617 33614 33610 33611 33612 33605 33607 33603 33647","1840015982"
"Brooklyn","Brooklyn","NY","New York","36047","Kings","40.6501","-73.9496","2736074","15200","point","FALSE","TRUE","America/New_York","1","11212 11213 11216 11233 11238 11209 11214 11228 11204 11218 11219 11230 11234 11236 11239 11223 11224 11229 11235 11201 11205 11215 11217 11231 11203 11210 11225 11226 11207 11208 11211 11222 11220 11232 11206 11221 11237","1840034030"
"Denver","Denver","CO","Colorado","08031","Denver","39.7620","-104.8758","2709398","1805","shape","FALSE","TRUE","America/Denver","1","80264 80266 80230 80231 80236 80237 80235 80238 80239 80123 80249 80247 80246 80290 80293 80294 80218 80210 80212 80216 80221 80220 80223 80222 80224 80227 80219 80211 80209 80207 80206 80205 80204 80202 80203","1840018789"
"Queens","Queens","NY","New York","36081","Queens","40.7498","-73.7976","2405464","8503","point","FALSE","TRUE","America/New_York","1","11361 11362 11363 11364 11354 11355 11356 11357 11358 11359 11360 11365 11366 11367 11412 11423 11432 11433 11434 11435 11436 11101 11102 11103 11104 11105 11106 11374 11375 11379 11385 11691 11692 11693 11694 11695 11697 11004 11005 11411 11413 11422 11426 11427 11428 11429 11414 11415 11416 11417 11418 11419 11420 11421 11368 11369 11370 11372 11373 11377 11378","1840034002"
"Baltimore","Baltimore","MD","Maryland","24510","Baltimore","39.3051","-76.6144","2270087","2872","shape","FALSE","TRUE","America/New_York","1","21218 21211 21210 21213 21212 21215 21214 21217 21216 21233 21231 21230 21239 21251 21209 21202 21206 21207 21205 21287 21223 21226 21201 21224 21225 21229","1840001592"
"Las Vegas","Las Vegas","NV","Nevada","32003","Clark","36.2333","-115.2654","2165405","1754","shape","FALSE","TRUE","America/Los_Angeles","1","89146 89149 89107 89106 89104 89102 89101 89108 89138 89130 89131 89134 89143 89145 89144 89110 89117 89129 89128 89124","1840020364"
"St. Louis","St. Louis","MO","Missouri","29510","St. Louis","38.6359","-90.2451","2144317","1905","shape","FALSE","TRUE","America/Chicago","1","63110 63111 63112 63113 63115 63116 63118 63120 63107 63106 63104 63103 63102 63101 63109 63108 63155 63139 63137 63143 63147","1840001651"
"Riverside","Riverside","CA","California","06065","Riverside","33.9381","-117.3949","2112239","1556","shape","FALSE","TRUE","America/Los_Angeles","1","92508 92503 92501 92506 92505 92504 92507 92521","1840020551"
"Portland","Portland","OR","Oregon","41051","Multnomah","45.5371","-122.6500","2072553","1881","shape","FALSE","TRUE","America/Los_Angeles","1","97227 97221 97220 97229 97203 97202 97201 97206 97205 97204 97209 97208 97258 97266 97219 97213 97236 97232 97233 97230 97239 97218 97214 97215 97216 97217 97210 97211 97212","1840019941"
"San Antonio","San Antonio","TX","Texas","48029","Bexar","29.4632","-98.5238","2036324","1183","shape","FALSE","TRUE","America/Chicago","1","78112 78239 78259 78258 78252 78251 78250 78257 78256 78255 78254 78208 78201 78202 78203 78204 78205 78207 78245 78242 78248 78231 78230 78233 78232 78235 78234 78237 78238 78209 78109 78266 78264 78260 78219 78218 78217 78216 78215 78214 78213 78212 78211 78210 78244 78247 78240 78249 78073 78023 78222 78223 78220 78221 78226 78227 78224 78225 78228 78229","1840022220"
"Sacramento","Sacramento","CA","California","06067","Sacramento","38.5677","-121.4685","1882358","1971","shape","FALSE","TRUE","America/Los_Angeles","1","95821 95820 95823 95838 95832 95833 95831 95834 95835 95811 95814 95815 95818 95819 95828 95822 95825 95824 95826 95816 95817","1840021491"
"San Juan","San Juan","PR","Puerto Rico","72127","San Juan","18.3985","-66.0610","1854549","2982","shape","FALSE","FALSE","America/Puerto_Rico","1","00918 00913 00912 00911 00917 00915 00926 00927 00924 00925 00923 00920 00921 00906 00907 00901 00909 00969","1630035577"
"San Jose","San Jose","CA","California","06085","Santa Clara","37.3012","-121.8480","1797166","2229","shape","FALSE","TRUE","America/Los_Angeles","1","95119 95118 95128 95124 95125 95122 95008 95002 95117 95116 95111 95110 95113 95112 95126 95127 95120 95123 95148 95133 95132 95131 95130 95136 95134 95139 95138 95037 95013 95129 95121","1840021570"
"Orlando","Orlando","FL","Florida","12095","Orange","28.4773","-81.3370","1792047","994","shape","FALSE","TRUE","America/New_York","1","32829 32827 32824 32822 32804 32805 32806 32807 32801 32803 32808 32839 32835 32832 32819 32811 32812 32814","1840015099"
"Cleveland","Cleveland","OH","Ohio","39035","Cuyahoga","41.4764","-81.6805","1742437","1903","shape","FALSE","TRUE","America/New_York","1","44135 44120 44119 44113 44112 44111 44110 44115 44114 44144 44128 44127 44104 44105 44106 44101 44102 44103 44108 44109","1840000596"
"Pittsburgh","Pittsburgh","PA","Pennsylvania","42003","Allegheny","40.4397","-79.9763","1719289","2100","shape","FALSE","TRUE","America/New_York","1","15282 15216 15217 15214 15212 15213 15210 15211 15218 15219 15290 15232 15260 15233 15205 15204 15207 15206 15201 15203 15208 15234 15222 15221 15220 15226 15224 15120","1840001254"
"Manhattan","Manhattan","NY","New York","36061","New York","40.7834","-73.9662","1694263","28653","point","FALSE","TRUE","America/New_York","1","10026 10027 10030 10037 10039 10001 10011 10018 10019 10020 10036 10029 10035 10010 10016 10017 10022 10012 10013 10014 10004 10005 10006 10007 10038 10280 10002 10003 10009 10021 10028 10044 10065 10075 10128 10023 10024 10025 10031 10032 10033 10034 10040","1840034000"
"Austin","Austin","TX","Texas","48453","Travis","30.3005","-97.7522","1685522","1165","shape","FALSE","TRUE","America/Chicago","1","78749 78748 78741 78742 78745 78744 78747 78746 78717 78712 78719 78617 78739 78735 78736 78730 78731 78732 78733 78705 78704 78701 78703 78702 78758 78759 78752 78753 78750 78751 78756 78757 78754 78652 78723 78722 78721 78727 78726 78725 78724 78729 78728","1840019590"
"Cincinnati","Cincinnati","OH","Ohio","39061","Hamilton","39.1413","-84.5060","1684800","1501","shape","FALSE","TRUE","America/New_York","1","45267 45219 45213 45212 45211 45217 45216 45214 45233 45226 45227 45225 45223 45229 45224 45232 45204 45205 45206 45207 45202 45203 45208 45209 45239 45238 45237 45220 45230","1840003814"
"Indianapolis","Indianapolis","IN","Indiana","18097","Marion","39.7771","-86.1458","1636763","928","shape","FALSE","TRUE","America/Indiana/Indianapolis","1","46234 46237 46218 46219 46217 46214 46260 46268 46226 46225 46183 46231 46235 46236 46239 46254 46250 46208 46201 46203 46202 46205 46204 46206 46256 46259 46227 46224 46222 46221 46220 46229 46228 46113 46278 46241 46240","1840030084"
"Kansas City","Kansas City","MO","Missouri","29095","Jackson","39.1238","-94.5541","1602005","602","shape","FALSE","TRUE","America/Chicago","1","64161 64163 64164 64165 64167 64053 64118 64116 64151 64153 64155 64154 64157 64156 64158 64108 64109 64106 64102 64128 64129 64124 64125 64126 64127 64120 64123 64166 64119 64114 64117 64111 64110 64113 64112 64133 64146 64145 64149 64147 64105 64101 64139 64138 64132 64131 64130 64137 64136 64134","1840008535"
"Columbus","Columbus","OH","Ohio","39049","Franklin","39.9862","-82.9855","1547862","1560","shape","FALSE","TRUE","America/New_York","1","43109 43026 43054 43220 43221 43222 43223 43224 43081 43228 43227 43213 43212 43215 43214 43217 43219 43218 43002 43004 43068 43085 43240 43229 43235 43232 43231 43230 43119 43110 43017 43016 43137 43211 43210 43202 43203 43201 43206 43207 43204 43205 43209","1840003760"
"Charlotte","Charlotte","NC","North Carolina","37119","Mecklenburg","35.2083","-80.8303","1526465","1094","shape","FALSE","TRUE","America/New_York","1","28269 28262 28105 28280 28282 28209 28208 28205 28204 28207 28206 28203 28202 28223 28227 28226 28278 28270 28273 28274 28277 28134 28216 28217 28214 28215 28212 28213 28210 28211 28244","1840014557"
"Virginia Beach","Virginia Beach","VA","Virginia","51810","Virginia Beach","36.7335","-76.0435","1475522","711","shape","FALSE","TRUE","America/New_York","1","23459 23451 23453 23452 23455 23457 23456 23454 23460 23461 23462 23464","1840003871"
"Bronx","Bronx","NY","New York","36005","Bronx","40.8501","-73.8662","1472654","13356","point","FALSE","TRUE","America/New_York","1","10453 10457 10460 10458 10467 10468 10451 10452 10456 10454 10455 10459 10474 10463 10471 10466 10469 10470 10475 10461 10462 10464 10465 10472 10473","1840033999"
"Milwaukee","Milwaukee","WI","Wisconsin","55079","Milwaukee","43.0642","-87.9675","1390046","2379","shape","FALSE","TRUE","America/Chicago","1","53203 53202 53207 53206 53205 53204 53209 53208 53233 53218 53219 53214 53215 53216 53210 53211 53212 53213 53295 53225 53224 53221 53220 53223 53222 53228","1840003046"
"Providence","Providence","RI","Rhode Island","44007","Providence","41.8230","-71.4187","1204385","3764","shape","FALSE","TRUE","America/New_York","1","02903 02906 02907 02908 02904 02905 02909 02912 02918","1840003289"
"Jacksonville","Jacksonville","FL","Florida","12031","Duval","30.3322","-81.6749","1165107","466","shape","FALSE","TRUE","America/New_York","1","32224 32225 32226 32227 32220 32221 32222 32223 32228 32219 32218 32214 32217 32216 32211 32210 32212 32246 32244 32233 32234 32202 32250 32254 32257 32256 32208 32209 32206 32207 32204 32205 32203 32258 32277","1840015031"
"Salt Lake City","Salt Lake City","UT","Utah","49035","Salt Lake","40.7776","-111.9311","1135747","700","shape","FALSE","TRUE","America/Denver","1","84116 84115 84114 84113 84112 84111 84128 84150 84180 84108 84101 84102 84103 84104 84105 84106 84138","1840021383"
"Nashville","Nashville","TN","Tennessee","47037","Davidson","36.1715","-86.7842","1081876","541","shape","FALSE","TRUE","America/Chicago","1","37027 37138 37076 37072 37203 37206 37201 37080 37218 37219 37216 37217 37214 37215 37212 37213 37210 37211 37189 37232 37238 37209 37208 37205 37204 37207 37115 37013 37228 37221 37220 37143","1840036155"
"Raleigh","Raleigh","NC","North Carolina","37183","Wake","35.8324","-78.6429","1073795","1232","shape","FALSE","TRUE","America/New_York","1","27617 27616 27615 27614 27613 27612 27610 27609 27601 27603 27604 27605 27606 27608 27607 27697 27695","1840014497"
"Memphis","Memphis","TN","Tennessee","47157","Shelby","35.1087","-89.9663","1072330","846","shape","FALSE","TRUE","America/Chicago","1","38120 38127 38126 38107 38106 38105 38104 38103 38109 38108 38152 38132 38141 38112 38114 38111 38113 38115 38116 38117 38118 38119 38018 38016 38133 38131 38134 38128 38122 38125","1840015457"
"Richmond","Richmond","VA","Virginia","51760","Richmond","37.5295","-77.4756","1025117","1476","shape","FALSE","TRUE","America/New_York","1","23222 23223 23298 23284 23220 23221 23226 23227 23224 23225 23230 23235 23234 23219 23173","1840001698"
"Louisville","Louisville","KY","Kentucky","21111","Jefferson","38.1663","-85.6485","1004821","906","shape","FALSE","TRUE","America/New_York","1","40245 40242 40241 40218 40219 40214 40216 40211 40213 40059 40291 40299 40220 40223 40222 40229 40228 40023 40272 40207 40209 40258 40118","1840030815"
"New Orleans","New Orleans","LA","Louisiana","22071","Orleans","30.0687","-89.9288","957783","891","shape","FALSE","TRUE","America/Chicago","2","70139 70130 70131 70148 70114 70115 70116 70117 70112 70113 70118 70119 70129 70128 70125 70124 70127 70126 70122 70163","1840001839"
"Bridgeport","Bridgeport","CT","Connecticut","09001","Fairfield","41.1918","-73.1954","948918","3485","shape","FALSE","TRUE","America/New_York","2","06605 06604 06607 06606 06608 06610","1840004836"
"Oklahoma City","Oklahoma City","OK","Oklahoma","40109","Oklahoma","35.4676","-97.5136","947247","413","shape","FALSE","TRUE","America/Chicago","2","73099 73119 73118 73114 73117 73116 73111 73110 73112 73020 73012 73013 73142 73141 73145 73149 73169 73078 73108 73109 73106 73107 74857 73139 73132 73131 73135 73134 73008 73097 73084 73105 73162 73103 73054 73151 73150 73159 73064 73104 73102 73179 73173 73170 73049 73160 73165 73127 73120 73121 73122 73128 73129","1840020428"
"Buffalo","Buffalo","NY","New York","36029","Erie","42.9018","-78.8487","926607","2446","shape","FALSE","TRUE","America/New_York","2","14208 14209 14202 14203 14201 14206 14207 14204 14220 14222 14211 14210 14213 14212 14215 14214 14216","1840000386"
"Hartford","Hartford","CT","Connecticut","09003","Hartford","41.7661","-72.6834","918434","2722","shape","FALSE","TRUE","America/New_York","2","06106 06105 06103 06120 06112 06114","1840004773"
"Fort Worth","Fort Worth","TX","Texas","48439","Tarrant","32.7817","-97.3474","892221","992","shape","FALSE","TRUE","America/Chicago","2","76164 76040 76134 76135 76137 76131 76132 76133 76109 76108 76105 76104 76107 76106 76103 76102 76155 76053 76052 76123 76120 76244 76179 76177 76036 76140 76262 76006 76118 76119 76116 76117 76114 76115 76112 76110 76111 76129 76127 76126","1840020696"
"Tucson","Tucson","AZ","Arizona","04019","Pima","32.1541","-110.8787","883127","873","shape","FALSE","TRUE","America/Phoenix","2","85705 85707 85706 85709 85710 85756 85723 85726 85724 85701 85708 85719 85748 85745 85747 85716 85714 85715 85712 85713 85711 85734 85730 85721","1840022101"
"Honolulu","Honolulu","HI","Hawaii","15003","Honolulu","21.3294","-157.8460","834138","2214","shape","FALSE","TRUE","Pacific/Honolulu","2","96859 96858 96850 96819 96820 96822 96826 96813 96815 96814 96817 96816 96818 96848","1840013305"
"McAllen","McAllen","TX","Texas","48215","Hidalgo","26.2252","-98.2467","805270","883","shape","FALSE","TRUE","America/Chicago","2","78573 78504 78503 78501 78557","1840021024"
"El Paso","El Paso","TX","Texas","48141","El Paso","31.8476","-106.4300","798217","1015","shape","FALSE","TRUE","America/Denver","2","79901 79902 79903 79904 79905 79906 79907 79930 79932 79935 79934 79936 79915 79912 79911 79835 79922 79920 79927 79924 79925","1840023252"
"Omaha","Omaha","NE","Nebraska","31055","Douglas","41.2627","-96.0529","791432","1307","shape","FALSE","TRUE","America/Chicago","2","68112 68114 68117 68116 68118 68182 68183 68105 68108 68178 68110 68122 68127 68124 68111 68022 68137 68135 68132 68144 68134 68131 68130 68102 68106 68107 68104 68164 68152 68154","1840009315"
"Albuquerque","Albuquerque","NM","New Mexico","35001","Bernalillo","35.1054","-106.6465","762853","1155","shape","FALSE","TRUE","America/Denver","2","87123 87112 87113 87110 87111 87114 87109 87108 87101 87102 87105 87104 87107 87106 87120","1840019176"
"Birmingham","Birmingham","AL","Alabama","01073","Jefferson","33.5279","-86.7971","753721","553","shape","FALSE","TRUE","America/Chicago","2","35218 35214 35215 35217 35210 35211 35212 35213 35224 35221 35222 35203 35207 35206 35205 35204 35209 35208 35094 35254 35068 35061 35228 35234 35235 35233 35243 35242 35249","1840006507"
"Sarasota","Sarasota","FL","Florida","12115","Sarasota","27.3387","-82.5432","727388","1518","shape","FALSE","TRUE","America/New_York","2","34232 34234 34237 34236 34239","1840015988"
"Dayton","Dayton","OH","Ohio","39113","Montgomery","39.7805","-84.2003","723844","971","shape","FALSE","TRUE","America/New_York","2","45432 45469 45402 45403 45406 45404 45405 45409 45428 45420 45423 45424 45410 45414 45417 45419 45377","1840034249"
"Rochester","Rochester","NY","New York","36055","Monroe","43.1680","-77.6162","720189","2227","shape","FALSE","TRUE","America/New_York","2","14608 14609 14606 14607 14604 14605 14627 14620 14621 14619 14615 14614 14617 14611 14610 14613 14612 14642","1840000373"
"Fresno","Fresno","CA","California","06019","Fresno","36.7830","-119.7939","702486","1763","shape","FALSE","TRUE","America/Los_Angeles","2","93740 93741 93730 93650 93702 93703 93701 93706 93704 93705 93722 93728 93720 93721 93726 93727 93711 93710","1840020319"
"Tulsa","Tulsa","OK","Oklahoma","40143","Tulsa","36.1283","-95.9042","698349","786","shape","FALSE","TRUE","America/Chicago","2","74137 74134 74132 74133 74130 74136 74135 74146 74145 74127 74126 74112 74114 74115 74119 74015 74106 74129 74128 74120 74171 74110 74116 74117 74107 74105 74103 74104 74108","1840021672"
"Allentown","Allentown","PA","Pennsylvania","42077","Lehigh","40.5961","-75.4756","688658","2664","shape","FALSE","TRUE","America/New_York","2","18104 18101 18103 18102 18109","1840001044"
"Concord","Concord","CA","California","06013","Contra Costa","37.9722","-122.0016","667250","1633","shape","FALSE","TRUE","America/Los_Angeles","2","94518 94519 94565 94521 94520","1840018905"
"Cape Coral","Cape Coral","FL","Florida","12071","Lee","26.6443","-81.9957","649339","690","shape","FALSE","TRUE","America/New_York","2","33990 33993 33914 33991 33909 33904","1840015130"
"Charleston","Charleston","SC","South Carolina","45019","Charleston","32.8168","-79.9687","645413","461","shape","FALSE","TRUE","America/New_York","2","29414 29424 29425 29455 29405 29407 29401 29403 29409 29492 29412","1840015163"
"Colorado Springs","Colorado Springs","CO","Colorado","08041","El Paso","38.8674","-104.7605","621332","932","shape","FALSE","TRUE","America/Denver","2","80951 80909 80904 80905 80906 80907 80903 80938 80910 80917 80916 80915 80914 80919 80918 80927 80924 80925 80922 80923 80920 80921 80929","1840018825"
"Springfield","Springfield","MA","Massachusetts","25013","Hampden","42.1155","-72.5395","615728","1861","shape","FALSE","TRUE","America/New_York","2","01151 01144 01118 01119 01129 01128 01107 01105 01104 01103 01109 01108","1840000466"
"Grand Rapids","Grand Rapids","MI","Michigan","26081","Kent","42.9619","-85.6562","615273","1719","shape","FALSE","TRUE","America/Detroit","2","49546 49506 49505 49503 49507 49504 49508","1840002928"
"Ogden","Ogden","UT","Utah","49057","Weber","41.2279","-111.9682","615015","1221","shape","FALSE","TRUE","America/Denver","2","84404 84401 84403 84408","1840020135"
"Columbia","Columbia","SC","South Carolina","45079","Richland","34.0378","-80.9036","609689","378","shape","FALSE","TRUE","America/New_York","2","29203 29207 29205 29208 29209 29225 29212 29210 29201 29206 29204","1840014730"
"Baton Rouge","Baton Rouge","LA","Louisiana","22033","East Baton Rouge","30.4420","-91.1311","605449","993","shape","FALSE","TRUE","America/Chicago","2","70836 70808 70809 70802 70803 70801 70806 70807 70805 70820 70825 70819 70813 70812 70815 70814 70816","1840013941"
"Knoxville","Knoxville","TN","Tennessee","47093","Knox","35.9692","-83.9496","603685","733","shape","FALSE","TRUE","America/New_York","2","37909 37902 37924 37920 37921 37922 37923 37929 37919 37918 37915 37914 37917 37916 37912","1840014486"
"Mission Viejo","Mission Viejo","CA","California","06059","Orange","33.6096","-117.6551","600802","2091","shape","FALSE","TRUE","America/Los_Angeles","2","92692 92691","1840020580"
"Albany","Albany","NY","New York","36001","Albany","42.6664","-73.7987","590823","1747","shape","FALSE","TRUE","America/New_York","2","12208 12209 12204 12206 12207 12202 12203 12205 12210 12226 12222","1840000417"
"Akron","Akron","OH","Ohio","39153","Summit","41.0798","-81.5219","570375","1230","shape","FALSE","TRUE","America/New_York","2","44306 44307 44304 44305 44302 44303 44301 44308 44325 44320 44311 44310 44313 44312 44319 44314","1840000791"
"New Haven","New Haven","CT","Connecticut","09009","New Haven","41.3113","-72.9246","566683","2693","shape","FALSE","TRUE","America/New_York","2","06519 06511 06510 06513 06512 06515","1840004850"
"Provo","Provo","UT","Utah","49049","Utah","40.2457","-111.6457","563884","1082","shape","FALSE","TRUE","America/Denver","2","84606 84604 84602 84601","1840020174"
"Bakersfield","Bakersfield","CA","California","06029","Kern","35.3529","-119.0359","556892","979","shape","FALSE","TRUE","America/Los_Angeles","2","93306 93307 93304 93305 93301 93309 93314 93311 93313 93312","1840019148"
"Murrieta","Murrieta","CA","California","06065","Riverside","33.5719","-117.1909","524133","1310","shape","FALSE","TRUE","America/Los_Angeles","2","92563 92562","1840020553"
"Des Moines","Des Moines","IA","Iowa","19153","Polk","41.5725","-93.6105","519180","943","shape","FALSE","TRUE","America/Chicago","2","50309 50312 50314 50315 50316 50317 50310 50313 50319 50321 50320 50311","1840007069"
"Worcester","Worcester","MA","Massachusetts","25027","Worcester","42.2705","-71.8079","516483","1913","shape","FALSE","TRUE","America/New_York","2","01608 01610 01609 01602 01603 01604 01605 01606 01607","1840000434"
"Mesa","Mesa","AZ","Arizona","04013","Maricopa","33.4015","-111.7178","508918","1416","shape","FALSE","TRUE","America/Phoenix","2","85208 85209 85201 85202 85203 85204 85205 85206 85207 85215 85213 85212 85210","1840020566"
"Toledo","Toledo","OH","Ohio","39095","Lucas","41.6638","-83.5827","498645","1319","shape","FALSE","TRUE","America/New_York","2","43615 43614 43611 43613 43612 43607 43610 43606 43604 43605 43608 43609 43620 43623","1840000572"
"Palm Bay","Palm Bay","FL","Florida","12009","Brevard","27.9631","-80.6593","496640","508","shape","FALSE","TRUE","America/New_York","2","32909 32908 32905 32907 32976","1840015094"
"Staten Island","Staten Island","NY","New York","36085","Richmond","40.5834","-74.1496","495747","3286","point","FALSE","TRUE","America/New_York","2","10302 10303 10310 10306 10307 10308 10309 10312 10301 10304 10305 10314","1840034032"
"Wichita","Wichita","KS","Kansas","20173","Sedgwick","37.6895","-97.3443","484715","930","shape","FALSE","TRUE","America/Chicago","2","67230 67235 67260 67217 67216 67215 67214 67213 67212 67211 67210 67219 67218 67223 67220 67226 67202 67203 67204 67205 67206 67207 67208 67209","1840001686"
"Harrisburg","Harrisburg","PA","Pennsylvania","42043","Dauphin","40.2752","-76.8843","472261","2342","shape","FALSE","TRUE","America/New_York","2","17101 17102 17103 17104 17120 17110","1840001288"
"Long Beach","Long Beach","CA","California","06037","Los Angeles","33.7977","-118.1670","462081","3518","shape","FALSE","TRUE","America/Los_Angeles","2","90822 90804 90805 90806 90807 90802 90803 90808 90831 90814 90813 90810 90815 90840","1840020490"
"Little Rock","Little Rock","AR","Arkansas","05119","Pulaski","34.7256","-92.3577","446814","637","shape","FALSE","TRUE","America/Chicago","2","72211 72210 72212 72223 72227 72209 72202 72201 72206 72207 72204 72205 72103","1840015509"
"Madison","Madison","WI","Wisconsin","55025","Dane","43.0822","-89.3930","445499","1253","shape","FALSE","TRUE","America/Chicago","2","53706 53704 53705 53703 53726 53792 53719 53718 53715 53714 53717 53716 53711 53713","1840002915"
"Greenville","Greenville","SC","South Carolina","45045","Greenville","34.8354","-82.3646","441303","905","shape","FALSE","TRUE","America/New_York","2","29614 29607 29605 29601 29609","1840013501"
"Reno","Reno","NV","Nevada","32031","Washoe","39.5497","-119.8483","440547","890","shape","FALSE","TRUE","America/Los_Angeles","2","89521 89523 89439 89503 89502 89501 89506 89509 89508 89557 89519 89512","1840020121"
"Anaheim","Anaheim","CA","California","06059","Orange","33.8390","-117.8574","353085","2711","shape","FALSE","TRUE","America/Los_Angeles","2","92808 92806 92807 92804 92805 92802 92801","1840019322"
"Fayetteville","Fayetteville","AR","Arkansas","05143","Washington","36.0714","-94.1661","350995","617","shape","FALSE","TRUE","America/Chicago","2","72704 72703 72701","1840013368"
"Jackson","Jackson","MS","Mississippi","28049","Hinds","32.3157","-90.2125","350373","566","shape","FALSE","TRUE","America/Chicago","2","39272 39206 39204 39203 39202 39201 39209 39269 39174 39210 39211 39212 39213 39216 39217","1840014895"
"Victorville","Victorville","CA","California","06071","San Bernardino","34.5277","-117.3536","350275","644","shape","FALSE","TRUE","America/Los_Angeles","2","92394 92395 92392","1840021731"
"Bonita Springs","Bonita Springs","FL","Florida","12071","Lee","26.3558","-81.7859","347581","580","shape","FALSE","TRUE","America/New_York","2","33931 34135 34134","1840014227"
"Greensboro","Greensboro","NC","North Carolina","37081","Guilford","36.0956","-79.8271","343505","877","shape","FALSE","TRUE","America/New_York","2","27411 27410 27412 27301 27455 27408 27409 27403 27401 27406 27407 27405 27214","1840013356"
"Corpus Christi","Corpus Christi","TX","Texas","48355","Nueces","27.7254","-97.3767","343031","776","shape","FALSE","TRUE","America/Chicago","2","78373 78408 78409 78406 78407 78404 78405 78402 78401 78419 78418 78415 78414 78417 78416 78411 78410 78413 78412","1840019718"
"Flint","Flint","MI","Michigan","26049","Genesee","43.0236","-83.6921","339283","1108","shape","FALSE","TRUE","America/Detroit","2","48502 48504 48505 48506 48507 48503","1840002949"
"Fayetteville","Fayetteville","NC","North Carolina","37051","Cumberland","35.0850","-78.9772","333366","550","shape","FALSE","TRUE","America/New_York","2","28390 28304 28306 28307 28301 28303 28308 28305 28311 28310 28314","1840013490"
"Santa Ana","Santa Ana","CA","California","06059","Orange","33.7367","-117.8819","332610","4697","shape","FALSE","TRUE","America/Los_Angeles","2","92707 92701 92703 92705 92704 92706","1840021964"
"Fort Wayne","Fort Wayne","IN","Indiana","18003","Allen","41.0888","-85.1436","329170","935","shape","FALSE","TRUE","America/Indiana/Indianapolis","2","46835 46818 46814 46815 46816 46825 46845 46803 46802 46807 46806 46805 46804 46809 46808","1840008261"
"Mobile","Mobile","AL","Alabama","01097","Mobile","30.6782","-88.1162","328610","525","shape","FALSE","TRUE","America/Chicago","2","36652 36606 36607 36604 36605 36602 36603 36608 36609 36688 36582 36615 36617 36611 36610 36619 36618 36695 36693","1840006009"
"Lansing","Lansing","MI","Michigan","26065","Ingham","42.7142","-84.5601","326380","1158","shape","FALSE","TRUE","America/Detroit","2","48912 48933 48915 48911 48910 48906","1840003102"
"Ann Arbor","Ann Arbor","MI","Michigan","26161","Washtenaw","42.2759","-83.7310","323593","1657","shape","FALSE","TRUE","America/Detroit","2","48103 48104 48105 48108 48109","1840003172"
"Huntsville","Huntsville","AL","Alabama","01089","Madison","34.6981","-86.6412","317279","353","shape","FALSE","TRUE","America/Chicago","2","35801 35803 35802 35805 35806 35741 35824 35763 35757 35756 35810 35811 35816 35896","1840005061"
"Lexington","Lexington","KY","Kentucky","21067","Fayette","38.0423","-84.4587","316743","438","shape","FALSE","TRUE","America/New_York","2","40526 40509 40504 40502 40503 40508 40505 40507 40517 40536 40513 40511 40510 40516 40515 40514","1840015211"
"Santa Rosa","Santa Rosa","CA","California","06097","Sonoma","38.4458","-122.7067","313875","1619","shape","FALSE","TRUE","America/Los_Angeles","2","95409 95403 95401 95407 95405 95404","1840021488"
"Antioch","Antioch","CA","California","06013","Contra Costa","37.9787","-121.7960","313532","1475","shape","FALSE","TRUE","America/Los_Angeles","2","94531 94509","1840018903"
"Asheville","Asheville","NC","North Carolina","37021","Buncombe","35.5707","-82.5537","312618","783","shape","FALSE","TRUE","America/New_York","2","28806 28805 28804 28803 28801","1840013411"
"Henderson","Henderson","NV","Nevada","32003","Clark","36.0133","-115.0381","309955","1126","shape","FALSE","TRUE","America/Los_Angeles","2","89044 89052 89054 89002 89074 89015 89014 89011 89012","1840020361"
"St. Paul","St. Paul","MN","Minnesota","27123","Ramsey","44.9478","-93.1039","305877","2272","shape","FALSE","TRUE","America/Chicago","2","55114 55117 55116 55119 55130 55101 55155 55102 55103 55106 55107 55104 55105 55108","1840008940"
"Fort Collins","Fort Collins","CO","Colorado","08069","Larimer","40.5477","-105.0656","304657","1120","shape","FALSE","TRUE","America/Denver","2","80528 80521 80526 80524 80525","1840020151"
"Lakeland","Lakeland","FL","Florida","12105","Polk","28.0557","-81.9545","300268","643","shape","FALSE","TRUE","America/New_York","2","33813 33803 33801 33805 33815 33811","1840015108"
"Springfield","Springfield","MO","Missouri","29077","Greene","37.1943","-93.2916","295230","785","shape","FALSE","TRUE","America/Chicago","2","65810 65897 65619 65801 65802 65803 65804 65806 65807 65809","1840009904"
"The Woodlands","The Woodlands","TX","Texas","48339","Montgomery","30.1738","-95.5134","294943","1020","shape","FALSE","FALSE","America/Chicago","2","77381 77384 77380 77382 77389","1840019585"
"Shreveport","Shreveport","LA","Louisiana","22017","Caddo","32.4653","-93.7955","291388","680","shape","FALSE","TRUE","America/Chicago","2","71129 71101 71103 71104 71105 71106 71107 71108 71109 71119 71118","1840015768"
"Trenton","Trenton","NJ","New Jersey","34021","Mercer","40.2237","-74.7641","291085","4248","shape","FALSE","TRUE","America/New_York","2","08638 08611 08618 08629 08609 08608","1840001383"
"Plano","Plano","TX","Texas","48085","Collin","33.0502","-96.7486","288870","1555","shape","FALSE","TRUE","America/Chicago","2","75093 75023 75025 75024 75074 75075","1840020662"
"Round Lake Beach","Round Lake Beach","IL","Illinois","17097","Lake","42.3791","-88.0811","287012","2090","shape","FALSE","TRUE","America/Chicago","2","60073","1840011171"
"South Bend","South Bend","IN","Indiana","18141","St. Joseph","41.6767","-86.2696","285569","944","shape","FALSE","TRUE","America/Indiana/Indianapolis","2","46616 46635 46628 46601 46613 46617 46619 46614 46615","1840009241"
"Savannah","Savannah","GA","Georgia","13051","Chatham","32.0286","-81.1821","284429","525","shape","FALSE","TRUE","America/New_York","2","31302 31409 31408 31401 31405 31404 31407 31406 31421 31419 31415","1840015830"
"Newark","Newark","NJ","New Jersey","34013","Essex","40.7245","-74.1725","281917","4508","shape","FALSE","TRUE","America/New_York","2","07103 07102 07105 07104 07107 07106 07108 07112 07114","1840002791"
"Davenport","Davenport","IA","Iowa","19163","Scott","41.5565","-90.6053","281895","618","shape","FALSE","TRUE","America/Chicago","2","52802 52803 52801 52806 52807 52804","1840007081"
"Myrtle Beach","Myrtle Beach","SC","South Carolina","45051","Horry","33.7094","-78.8844","281180","552","shape","FALSE","TRUE","America/New_York","2","29572 29577","1840014717"
"Lincoln","Lincoln","NE","Nebraska","31109","Lancaster","40.8099","-96.6784","280780","1131","shape","FALSE","TRUE","America/Chicago","2","68528 68524 68526 68520 68521 68522 68514 68516 68510 68512 68506 68507 68504 68505 68502 68503 68508 68588","1840009357"
"Rockford","Rockford","IL","Illinois","17201","Winnebago","42.2596","-89.0640","280337","881","shape","FALSE","TRUE","America/Chicago","2","61101 61114 61109 61108 61104 61107 61103 61102","1840009132"
"Reading","Reading","PA","Pennsylvania","42011","Berks","40.3400","-75.9267","278693","3464","shape","FALSE","TRUE","America/New_York","2","19601 19604 19602 19611","1840001185"
"Canton","Canton","OH","Ohio","39151","Stark","40.8078","-81.3676","277769","1039","shape","FALSE","TRUE","America/New_York","2","44714 44710 44702 44703 44706 44707 44704 44705 44708 44709","1840000963"
"Irvine","Irvine","CA","California","06059","Orange","33.6772","-117.7738","272694","1604","shape","FALSE","TRUE","America/Los_Angeles","2","92617 92614 92612 92618 92697 92620 92602 92603 92604 92606","1840019325"
"Eugene","Eugene","OR","Oregon","41039","Lane","44.0564","-123.1174","270013","1489","shape","FALSE","TRUE","America/Los_Angeles","2","97405 97404 97401 97403 97402","1840020007"
"Chula Vista","Chula Vista","CA","California","06073","San Diego","32.6281","-117.0144","268779","2090","shape","FALSE","TRUE","America/Los_Angeles","2","91911 91910 91913 91915 91914 91902","1840019350"
"St. Petersburg","St. Petersburg","FL","Florida","12103","Pinellas","27.7931","-82.6652","264001","1648","shape","FALSE","TRUE","America/New_York","2","33707 33702 33762 33713 33712 33711 33710 33716 33715 33714 33705 33703 33704 33701","1840015977"
"Salem","Salem","OR","Oregon","41047","Marion","44.9233","-123.0244","263571","1359","shape","FALSE","TRUE","America/Los_Angeles","2","97302 97301 97306 97304 97310 97317","1840021224"
"Lafayette","Lafayette","LA","Louisiana","22055","Lafayette","30.2082","-92.0325","263551","876","shape","FALSE","TRUE","America/Chicago","2","70508 70507 70506 70503 70501","1840015044"
"Laredo","Laredo","TX","Texas","48479","Webb","27.5625","-99.4874","262774","944","shape","FALSE","TRUE","America/Chicago","2","78046 78045 78043 78040 78041","1840021002"
"Jersey City","Jersey City","NJ","New Jersey","34017","Hudson","40.7184","-74.0686","262652","6878","shape","FALSE","TRUE","America/New_York","2","07310 07311 07302 07307 07306 07305 07304","1840003600"
"Santa Clarita","Santa Clarita","CA","California","06037","Los Angeles","34.4175","-118.4964","260999","1159","shape","FALSE","TRUE","America/Los_Angeles","2","91351 91321 91350 91355 91354 91387","1840021864"
"Aguadilla","Aguadilla","PR","Puerto Rico","72005","Aguadilla","18.4382","-67.1537","260331","1681","shape","FALSE","FALSE","America/Puerto_Rico","2","00603","1630035605"
"Wilmington","Wilmington","NC","North Carolina","37129","New Hanover","34.2099","-77.8866","260170","917","shape","FALSE","TRUE","America/New_York","2","28409 28401 28403 28405 28412","1840015576"
"Lubbock","Lubbock","TX","Texas","48303","Lubbock","33.5657","-101.8879","257835","737","shape","FALSE","TRUE","America/Chicago","2","79406 79423 79424 79416 79412 79410 79407 79414 79411 79404 79401 79403 79402 79415 79413","1840020604"
"Chandler","Chandler","AZ","Arizona","04013","Maricopa","33.2825","-111.8514","257076","1520","shape","FALSE","TRUE","America/Phoenix","2","85248 85249 85226 85224 85225 85286","1840019309"
"Scottsdale","Scottsdale","AZ","Arizona","04013","Maricopa","33.6872","-111.8651","254995","535","shape","FALSE","TRUE","America/Phoenix","2","85259 85258 85251 85250 85257 85255 85254 85266 85262 85260","1840021940"
"Tallahassee","Tallahassee","FL","Florida","12073","Leon","30.4551","-84.2527","254250","737","shape","FALSE","TRUE","America/New_York","2","32310 32312 32313 32399 32307 32306 32304 32303 32301 32309 32308 32311","1840015913"
"Montgomery","Montgomery","AL","Alabama","01101","Montgomery","32.3482","-86.2668","253540","480","shape","FALSE","TRUE","America/Chicago","2","36112 36113 36110 36111 36116 36114 36115 36109 36130 36117 36101 36105 36104 36107 36106 36057 36108","1840008353"
"Peoria","Peoria","IL","Illinois","17143","Peoria","40.7520","-89.6154","253461","906","shape","FALSE","TRUE","America/Chicago","2","61625 61615 61614 61605 61603 61604 61602 61606","1840009373"
"Glendale","Glendale","AZ","Arizona","04013","Maricopa","33.5791","-112.2311","250290","1568","shape","FALSE","TRUE","America/Phoenix","2","85301 85303 85302 85306 85309 85308 85355 85305 85304 85307 85310","1840020563"
"Columbus","Columbus","GA","Georgia","13215","Muscogee","32.5100","-84.8771","249510","348","shape","FALSE","TRUE","America/New_York","2","31820 31829 31909 31904 31905 31906 31907 31901 31903 31808","1840014887"
"Anchorage","Anchorage","AK","Alaska","02020","Anchorage","61.1508","-149.1091","248902","66","shape","FALSE","TRUE","America/Anchorage","2","99518 99515 99517 99516 99513 99540 99530 99567 99587 99508 99506 99507 99504 99505 99502 99503 99501 99577","1840023385"
"Gilbert","Gilbert","AZ","Arizona","04013","Maricopa","33.3100","-111.7463","248349","1398","shape","FALSE","TRUE","America/Phoenix","2","85233 85234 85236 85297 85296 85295 85298","1840021947"
"North Las Vegas","North Las Vegas","NV","Nevada","32003","Clark","36.2883","-115.0888","247248","942","shape","FALSE","TRUE","America/Los_Angeles","2","89032 89031 89030 89086 89084 89085 89081 89115","1840020363"
"Avondale","Avondale","AZ","Arizona","04013","Maricopa","33.3873","-112.3235","247103","703","shape","FALSE","TRUE","America/Phoenix","2","85353 85329 85323 85392","1840019310"
"McKinney","McKinney","TX","Texas","48085","Collin","33.2016","-96.6670","244536","1102","shape","FALSE","TRUE","America/Chicago","2","75069 75072 75070 75071","1840020657"
"Norfolk","Norfolk","VA","Virginia","51710","Norfolk","36.8945","-76.2590","244300","1770","shape","FALSE","TRUE","America/New_York","2","23509 23508 23507 23504 23503 23502 23505 23518 23510 23511 23513 23517 23551 23523","1840003869"
"Chesapeake","Chesapeake","VA","Virginia","51550","Chesapeake","36.6778","-76.3023","242647","276","shape","FALSE","TRUE","America/New_York","2","23325 23324 23323 23322 23321 23320","1840003874"
"Kennewick","Kennewick","WA","Washington","53005","Benton","46.1978","-119.1732","240876","1162","shape","FALSE","TRUE","America/Los_Angeles","2","99337 99336 99338","1840018481"
"Winter Haven","Winter Haven","FL","Florida","12105","Polk","28.0118","-81.7014","240768","510","shape","FALSE","TRUE","America/New_York","2","33881 33880 33884","1840015970"
"Irving","Irving","TX","Texas","48113","Dallas","32.8583","-96.9702","240475","1386","shape","FALSE","TRUE","America/Chicago","2","75063 75060 75038 75039 75062 75061","1840019438"
"Garland","Garland","TX","Texas","48113","Dallas","32.9100","-96.6304","238622","1612","shape","FALSE","TRUE","America/Chicago","2","75043 75044 75041 75040 75042","1840020707"
"York","York","PA","Pennsylvania","42133","York","39.9651","-76.7315","236818","3211","shape","FALSE","TRUE","America/New_York","2","17404 17401 17403","1840001472"
"Concord","Concord","NC","North Carolina","37025","Cabarrus","35.3933","-80.6369","236626","572","shape","FALSE","TRUE","America/New_York","2","28025 28027","1840014559"
"Arlington","Arlington","VA","Virginia","51013","Arlington","38.8786","-77.1011","236434","3511","shape","FALSE","FALSE","America/New_York","2","22209 22203 22202 22201 22207 22206 22205 22204 22214 22211 22213","1840006112"
"Atlantic City","Atlantic City","NJ","New Jersey","34001","Atlantic","39.3797","-74.4527","236314","1356","shape","FALSE","TRUE","America/New_York","2","08401","1840003798"
"Visalia","Visalia","CA","California","06107","Tulare","36.3276","-119.3269","235184","1354","shape","FALSE","TRUE","America/Los_Angeles","2","93277 93291 93292","1840021639"
"Fremont","Fremont","CA","California","06001","Alameda","37.5265","-121.9843","234829","1157","shape","FALSE","TRUE","America/Los_Angeles","2","94560 94536 94538 94539 94555","1840020292"
"Hialeah","Hialeah","FL","Florida","12086","Miami-Dade","25.8696","-80.3045","233876","4184","shape","FALSE","TRUE","America/New_York","2","33014 33016 33010 33012 33013 33018","1840015157"
"Nashua","Nashua","NH","New Hampshire","33011","Hillsborough","42.7491","-71.4910","231409","1115","shape","FALSE","TRUE","America/New_York","2","03062 03063 03060 03064","1840002984"
"Killeen","Killeen","TX","Texas","48027","Bell","31.0753","-97.7297","231312","1045","shape","FALSE","TRUE","America/Chicago","2","76541 76543 76542 76549","1840020854"
"Gulfport","Gulfport","MS","Mississippi","28047","Harrison","30.4274","-89.0704","230156","497","shape","FALSE","TRUE","America/Chicago","2","39501 39503 39507","1840013947"
"Brownsville","Brownsville","TX","Texas","48061","Cameron","25.9975","-97.4580","229387","534","shape","FALSE","TRUE","America/Matamoros","2","78521 78520 78526 78575 78578 78566","1840019743"
"Evansville","Evansville","IN","Indiana","18163","Vanderburgh","37.9881","-87.5341","227338","965","shape","FALSE","TRUE","America/Chicago","2","47714 47715 47710 47711 47713 47708","1840013730"
"Appleton","Appleton","WI","Wisconsin","55087","Outagamie","44.2780","-88.3892","225728","1150","shape","FALSE","TRUE","America/Chicago","2","54914 54915 54913 54911","1840002400"
"Navarre","Navarre","FL","Florida","12113","Santa Rosa","30.4174","-86.8907","223951","625","shape","FALSE","FALSE","America/Chicago","2","32566","1840027017"
"Bel Air South","Bel Air South","MD","Maryland","24025","Harford","39.5022","-76.3113","222834","998","shape","FALSE","TRUE","America/New_York","2","21009 21015 21014","1840073592"
"Kalamazoo","Kalamazoo","MI","Michigan","26077","Kalamazoo","42.2749","-85.5882","220561","1189","shape","FALSE","TRUE","America/Detroit","2","49001 49006 49007 49008 49074","1840003185"
"Bremerton","Bremerton","WA","Washington","53035","Kitsap","47.5436","-122.7121","219538","560","shape","FALSE","TRUE","America/Los_Angeles","2","98312 98314 98310 98337","1840018410"
"Spring Valley","Spring Valley","NV","Nevada","32003","Clark","36.0952","-115.2636","218697","2378","shape","FALSE","FALSE","America/Los_Angeles","2","89147 89146 89103 89148 89113 89117 89118","1840033832"
"San Bernardino","San Bernardino","CA","California","06071","San Bernardino","34.1416","-117.2943","216784","1347","shape","FALSE","TRUE","America/Los_Angeles","2","92404 92369 92401 92407 92405 92408 92411 92410 92415 92346","1840021728"
"Roanoke","Roanoke","VA","Virginia","51770","Roanoke","37.2785","-79.9581","216388","900","shape","FALSE","TRUE","America/New_York","2","24019 24014 24015 24016 24017 24011 24012 24013 24022","1840003858"
"Spartanburg","Spartanburg","SC","South Carolina","45083","Spartanburg","34.9442","-81.9251","216021","720","shape","FALSE","TRUE","America/New_York","2","29302 29301 29307 29306","1840015482"
"Tacoma","Tacoma","WA","Washington","53053","Pierce","47.2431","-122.4531","215766","1675","shape","FALSE","TRUE","America/Los_Angeles","2","98422 98403 98404 98405 98408 98409 98402 98406 98407 98466 98465 98416 98418 98444 98421","1840021129"
"Enterprise","Enterprise","NV","Nevada","32003","Clark","36.0091","-115.2278","214591","1255","shape","FALSE","FALSE","America/Los_Angeles","2","89178 89183 89139 89141 89148 89113 89118 89119 89123","1840033827"
"Green Bay","Green Bay","WI","Wisconsin","55009","Brown","44.5148","-87.9895","214438","887","shape","FALSE","TRUE","America/Chicago","2","54304 54303 54302 54301 54311","1840002344"
"Portland","Portland","ME","Maine","23005","Cumberland","43.6773","-70.2715","213986","1195","shape","FALSE","TRUE","America/New_York","2","04101 04102 04103 04108 04109 04019","1840000327"
"Thousand Oaks","Thousand Oaks","CA","California","06111","Ventura","34.1914","-118.8756","212806","891","shape","FALSE","TRUE","America/Los_Angeles","2","91320 91360 91361 91362","1840021844"
"Fontana","Fontana","CA","California","06071","San Bernardino","34.0968","-117.4599","212704","1906","shape","FALSE","TRUE","America/Los_Angeles","2","92335 92336 92337","1840020402"
"Hickory","Hickory","NC","North Carolina","37035","Catawba","35.7410","-81.3223","211042","515","shape","FALSE","TRUE","America/New_York","2","28601 28602","1840014524"
"Moreno Valley","Moreno Valley","CA","California","06065","Riverside","33.9244","-117.2045","208751","1570","shape","FALSE","TRUE","America/Los_Angeles","2","92551 92553 92555 92557","1840020552"
"Deltona","Deltona","FL","Florida","12127","Volusia","28.9050","-81.2137","205914","950","shape","FALSE","TRUE","America/New_York","2","32725 32738","1840015072"
"Fargo","Fargo","ND","North Dakota","38017","Cass","46.8651","-96.8292","205472","957","shape","FALSE","TRUE","America/Chicago","2","58102 58104 58103 58105","1840000177"
"Santa Barbara","Santa Barbara","CA","California","06083","Santa Barbara","34.4285","-119.7202","205215","1799","shape","FALSE","TRUE","America/Los_Angeles","2","93105 93101 93103 93109","1840021829"
"College Station","College Station","TX","Texas","48041","Brazos","30.5852","-96.2959","203848","873","shape","FALSE","TRUE","America/Chicago","2","77843 77840 77845","1840019570"
"Gainesville","Gainesville","FL","Florida","12001","Alachua","29.6804","-82.3459","203541","816","shape","FALSE","TRUE","America/New_York","2","32608 32609 32607 32610 32612 32653 32603 32601 32605","1840014022"
"Amarillo","Amarillo","TX","Texas","48375","Potter","35.1984","-101.8316","202902","751","shape","FALSE","TRUE","America/Chicago","2","79121 79109 79101 79102 79103 79104 79106 79107 79118 79111 79110","1840019156"
"Norwich","Norwich","CT","Connecticut","09011","New London","41.5495","-72.0882","201726","538","shape","FALSE","TRUE","America/New_York","2","06380 06389 06360","1840004828"
"Olympia","Olympia","WA","Washington","53067","Thurston","47.0417","-122.8959","200836","1108","shape","FALSE","TRUE","America/Los_Angeles","2","98502 98501 98506","1840019865"
"Yonkers","Yonkers","NY","New York","36119","Westchester","40.9466","-73.8673","200183","4292","shape","FALSE","TRUE","America/New_York","2","10708 10703 10701 10707 10705 10704 10710","1840003478"
"Huntington Beach","Huntington Beach","CA","California","06059","Orange","33.6960","-118.0018","199778","2857","shape","FALSE","TRUE","America/Los_Angeles","2","92648 92649 92646 92647 90742","1840020578"
"Glendale","Glendale","CA","California","06037","Los Angeles","34.1819","-118.2468","199357","2525","shape","FALSE","TRUE","America/Los_Angeles","2","91210 91214 91201 91205 91208 91203 91202 91204 91207 91206 91046 91020","1840020483"
"Aurora","Aurora","IL","Illinois","17089","Kane","41.7638","-88.2902","199326","1709","shape","FALSE","TRUE","America/Chicago","2","60505 60506 60504 60502 60503","1840007034"
"Huntington","Huntington","WV","West Virginia","54011","Cabell","38.4109","-82.4345","199133","1098","shape","FALSE","TRUE","America/New_York","2","25703 25702 25701 25705 25704 25755","1840006211"
"Sunrise Manor","Sunrise Manor","NV","Nevada","32003","Clark","36.1783","-115.0487","198187","2269","shape","FALSE","FALSE","America/Los_Angeles","2","89104 89142 89110 89115 89156 89121 89122","1840033833"
"North Port","North Port","FL","Florida","12115","Sarasota","27.0576","-82.1977","195848","267","shape","FALSE","TRUE","America/New_York","2","34286 34287 34293 34223 34291 34288 34289","1840015120"
"Hagerstown","Hagerstown","MD","Maryland","24043","Washington","39.6401","-77.7217","194602","1270","shape","FALSE","TRUE","America/New_York","2","21742 21740","1840005613"
"Grand Prairie","Grand Prairie","TX","Texas","48113","Dallas","32.6871","-97.0208","193835","1031","shape","FALSE","TRUE","America/Chicago","2","75052 75050 75051 75054 75104","1840020709"
"Overland Park","Overland Park","KS","Kansas","20091","Johnson","38.8870","-94.6870","193412","993","shape","FALSE","TRUE","America/Chicago","2","66214 66210 66211 66212 66213 66221 66223 66209 66202 66207 66204 66013 66251 66085 66224","1840003834"
"Paradise","Paradise","NV","Nevada","32003","Clark","36.0872","-115.1355","193150","1758","shape","FALSE","FALSE","America/Los_Angeles","2","89103 89109 89158 89169 89118 89119 89121 89120 89123","1840033743"
"Tempe","Tempe","AZ","Arizona","04013","Maricopa","33.3881","-111.9319","191607","1852","shape","FALSE","TRUE","America/Phoenix","2","85281 85282 85283 85284","1840021942"
"Salinas","Salinas","CA","California","06053","Monterey","36.6883","-121.6317","190345","2564","shape","FALSE","TRUE","America/Los_Angeles","2","93901 93905 93906","1840021632"
"Erie","Erie","PA","Pennsylvania","42049","Erie","42.1167","-80.0733","189513","1948","shape","FALSE","TRUE","America/New_York","2","16546 16510 16508 16507 16502 16504 16503 16550 16501 16511","1840000478"
"Cedar Rapids","Cedar Rapids","IA","Iowa","19113","Linn","41.9662","-91.6783","188618","712","shape","FALSE","TRUE","America/Chicago","2","52404 52405 52401 52411 52402 52403","1840000471"
"Waterbury","Waterbury","CT","Connecticut","09009","New Haven","41.5582","-73.0361","188607","1460","shape","FALSE","TRUE","America/New_York","2","06708 06702 06704 06705 06706 06710","1840004851"
"Frisco","Frisco","TX","Texas","48085","Collin","33.1560","-96.8216","188387","1059","shape","FALSE","TRUE","America/Chicago","2","75034 75036 75033 75035","1840020654"
"Waco","Waco","TX","Texas","48309","McLennan","31.5599","-97.1882","186695","599","shape","FALSE","TRUE","America/Chicago","2","76798 76710 76711 76712 76708 76701 76707 76706 76704","1840022140"
"Gastonia","Gastonia","NC","North Carolina","37071","Gaston","35.2494","-81.1854","184902","572","shape","FALSE","TRUE","America/New_York","2","28054 28056 28052","1840013468"
"Clarksville","Clarksville","TN","Tennessee","47125","Montgomery","36.5692","-87.3413","183798","606","shape","FALSE","TRUE","America/Chicago","2","42223 37043 37042 37040","1840014421"
"Vancouver","Vancouver","WA","Washington","53011","Clark","45.6366","-122.5967","182792","1448","shape","FALSE","TRUE","America/Los_Angeles","2","98684 98664 98665 98660 98661 98662 98663 98682 98683","1840021189"
"Lorain","Lorain","OH","Ohio","39093","Lorain","41.4409","-82.1840","182015","1044","shape","FALSE","TRUE","America/New_York","2","44052 44053 44055","1840000644"
"Nampa","Nampa","ID","Idaho","16027","Canyon","43.5844","-116.5638","181887","1116","shape","FALSE","TRUE","America/Boise","2","83651 83687 83686","1840020041"
"Fort Lauderdale","Fort Lauderdale","FL","Florida","12011","Broward","26.1412","-80.1464","181818","2029","shape","FALSE","TRUE","America/New_York","2","33301 33304 33305 33306 33308 33309 33334 33316 33315 33312 33311","1840014236"
"Hemet","Hemet","CA","California","06065","Riverside","33.7341","-116.9969","180380","1116","shape","FALSE","TRUE","America/Los_Angeles","2","92545 92543","1840020550"
"Newport News","Newport News","VA","Virginia","51700","Newport News","37.1051","-76.5185","179582","1005","shape","FALSE","TRUE","America/New_York","2","23601 23603 23608 23604 23605 23606 23607 23602","1840003862"
"Ontario","Ontario","CA","California","06071","San Bernardino","34.0393","-117.6064","178194","1376","shape","FALSE","TRUE","America/Los_Angeles","2","91762 91761 91764","1840020410"
"Rancho Cucamonga","Rancho Cucamonga","CA","California","06071","San Bernardino","34.1247","-117.5667","178060","1714","shape","FALSE","TRUE","America/Los_Angeles","2","91730 91701 91737 91739","1840020411"
"Vallejo","Vallejo","CA","California","06095","Solano","38.1125","-122.2342","177255","1539","shape","FALSE","TRUE","America/Los_Angeles","2","94592 94591 94589 94590","1840021499"
"Oceanside","Oceanside","CA","California","06073","San Diego","33.2247","-117.3083","175694","1643","shape","FALSE","TRUE","America/Los_Angeles","2","92058 92054 92057 92056","1840020623"
"Vero Beach South","Vero Beach South","FL","Florida","12061","Indian River","27.6132","-80.4163","174748","939","shape","FALSE","TRUE","America/New_York","2","32968 32966 32962 32960","1840073853"
"Ocala","Ocala","FL","Florida","12083","Marion","29.1780","-82.1511","174618","490","shape","FALSE","TRUE","America/New_York","2","34475 34474 34471 34470","1840015067"
"Sioux Falls","Sioux Falls","SD","South Dakota","46099","Minnehaha","43.5396","-96.7311","173921","883","shape","FALSE","TRUE","America/Chicago","2","57108 57104 57105 57106 57107 57103 57197 57110 57117","1840002648"
"Danbury","Danbury","CT","Connecticut","09001","Fairfield","41.4015","-73.4709","173508","777","shape","FALSE","TRUE","America/New_York","2","06810 06811","1840004837"
"Elk Grove","Elk Grove","CA","California","06067","Sacramento","38.4161","-121.3842","173370","1594","shape","FALSE","TRUE","America/Los_Angeles","2","95624 95757 95758","1840020245"
"High Point","High Point","NC","North Carolina","37081","Guilford","35.9910","-79.9937","173324","770","shape","FALSE","TRUE","America/New_York","2","27265 27282 27235 27268 27262 27263 27260","1840014479"
"Garden Grove","Garden Grove","CA","California","06059","Orange","33.7787","-117.9601","172800","3715","shape","FALSE","TRUE","America/Los_Angeles","2","92843 92840 92841 92844 92845","1840020577"
"Peoria","Peoria","AZ","Arizona","04013","Maricopa","33.7843","-112.2989","172109","377","shape","FALSE","TRUE","America/Phoenix","2","85373 85381 85383 85382 85324 85345","1840020567"
"Pembroke Pines","Pembroke Pines","FL","Florida","12011","Broward","26.0128","-80.3382","171979","2031","shape","FALSE","TRUE","America/New_York","2","33029 33028 33025 33024 33026 33023 33027","1840015141"
"Medford","Medford","OR","Oregon","41029","Jackson","42.3372","-122.8540","171660","1224","shape","FALSE","TRUE","America/Los_Angeles","2","97504 97501","1840020076"
"Murfreesboro","Murfreesboro","TN","Tennessee","47149","Rutherford","35.8490","-86.4121","169243","869","shape","FALSE","TRUE","America/Chicago","2","37132 37130 37129 37128 37127","1840014495"
"Cary","Cary","NC","North Carolina","37183","Wake","35.7819","-78.8195","169177","1102","shape","FALSE","TRUE","America/New_York","2","27560 27518 27519 27511 27513","1840016196"
"Lafayette","Lafayette","IN","Indiana","18157","Tippecanoe","40.3991","-86.8593","168164","953","shape","FALSE","TRUE","America/Indiana/Indianapolis","2","47909 47905 47904 47901","1840008354"
"Corona","Corona","CA","California","06065","Riverside","33.8616","-117.5649","168112","1625","shape","FALSE","TRUE","America/Los_Angeles","2","92882 92880 92881 92879","1840019305"
"Santa Cruz","Santa Cruz","CA","California","06087","Santa Cruz","36.9789","-122.0346","165933","1970","shape","FALSE","TRUE","America/Los_Angeles","2","95065 95064 95060 95062","1840021579"
"Spring Hill","Spring Hill","FL","Florida","12053","Hernando","28.4798","-82.5300","165526","732","shape","FALSE","FALSE","America/New_York","2","34608 34609 34604 34606","1840014105"
"Muskegon","Muskegon","MI","Michigan","26121","Muskegon","43.2281","-86.2562","164136","1018","shape","FALSE","TRUE","America/Detroit","2","49442 49443 49440 49441","1840002870"
"Manchester","Manchester","NH","New Hampshire","33011","Hillsborough","42.9848","-71.4447","163488","1312","shape","FALSE","TRUE","America/New_York","2","03109 03104 03101 03103 03102","1840002983"
"Marysville","Marysville","WA","Washington","53061","Snohomish","48.0809","-122.1561","162700","1295","shape","FALSE","TRUE","America/Los_Angeles","2","98271 98270","1840019789"
"Springfield","Springfield","IL","Illinois","17167","Sangamon","39.7709","-89.6540","162348","726","shape","FALSE","TRUE","America/Chicago","2","62711 62712 62629 62702 62703 62701 62706 62707 62704","1840009517"
"Frederick","Frederick","MD","Maryland","24021","Frederick","39.4337","-77.4141","158866","1158","shape","FALSE","TRUE","America/New_York","2","21705 21702 21701","1840005710"
"Hayward","Hayward","CA","California","06001","Alameda","37.6328","-122.0766","158817","1338","shape","FALSE","TRUE","America/Los_Angeles","2","94541 94542 94544 94545 94587","1840020293"
"Alexandria","Alexandria","VA","Virginia","51510","Alexandria","38.8185","-77.0861","158309","4092","shape","FALSE","TRUE","America/New_York","2","22302 22301 22304 22305 22311 22314","1840003837"
"Bayamn","Bayamon","PR","Puerto Rico","72021","Bayamn","18.3794","-66.1635","157517","2250","shape","FALSE","FALSE","America/Puerto_Rico","2","00959 00957 00956 00934 00960 00961","1630035622"
"Port Arthur","Port Arthur","TX","Texas","48245","Jefferson","29.8554","-93.9264","156988","273","shape","FALSE","TRUE","America/Chicago","2","77655 77640 77642","1840020919"
"Lakewood","Lakewood","CO","Colorado","08059","Jefferson","39.6977","-105.1172","155733","1383","shape","FALSE","TRUE","America/Denver","2","80232 80235 80214 80215 80227 80226 80228","1840020198"
"Fredericksburg","Fredericksburg","VA","Virginia","51630","Fredericksburg","38.2992","-77.4872","155414","1073","shape","FALSE","TRUE","America/New_York","2","22401","1840003845"
"Leesburg","Leesburg","FL","Florida","12069","Lake","28.7672","-81.8962","154301","232","shape","FALSE","TRUE","America/New_York","2","34748 34762 34736","1840015083"
"Hollywood","Hollywood","FL","Florida","12011","Broward","26.0293","-80.1679","153834","2177","shape","FALSE","TRUE","America/New_York","2","33024 33021 33023 33022 33020 33004 33316 33312 33019","1840015144"
"Palmdale","Palmdale","CA","California","06037","Los Angeles","34.5944","-118.1057","153240","557","shape","FALSE","TRUE","America/Los_Angeles","2","93591 93552 93551 93550","1840020502"
"Macon","Macon","GA","Georgia","13021","Bibb","32.8065","-83.6974","153026","236","shape","FALSE","TRUE","America/New_York","2","31210 31052 31211 31213 31216 31217 31220 31207 31206 31204 31201","1840043455"
"Kansas City","Kansas City","KS","Kansas","20209","Wyandotte","39.1235","-94.7443","153014","473","shape","FALSE","TRUE","America/Chicago","2","66101 66102 66103 66104 66105 66106 66109 66160 66112 66111 66115 66118","1840001626"
"Champaign","Champaign","IL","Illinois","17019","Champaign","40.1142","-88.2737","152940","1486","shape","FALSE","TRUE","America/Chicago","2","61822 61820 61821","1840007239"
"Sunnyvale","Sunnyvale","CA","California","06085","Santa Clara","37.3836","-122.0255","152569","2670","shape","FALSE","TRUE","America/Los_Angeles","2","94085 94086 94087 94089","1840021573"
"Pasadena","Pasadena","TX","Texas","48201","Harris","29.6575","-95.1498","152537","1348","shape","FALSE","TRUE","America/Chicago","2","77058 77059 77586 77506 77507 77504 77505 77502 77503","1840020930"
"Pomona","Pomona","CA","California","06037","Los Angeles","34.0585","-117.7626","151124","2538","shape","FALSE","TRUE","America/Los_Angeles","2","91768 91766 91767","1840020507"
"Escondido","Escondido","CA","California","06073","San Diego","33.1348","-117.0723","150396","1554","shape","FALSE","TRUE","America/Los_Angeles","2","92029 92025 92026 92027","1840020620"
"Mauldin","Mauldin","SC","South Carolina","45045","Greenville","34.7821","-82.3032","149687","842","shape","FALSE","TRUE","America/New_York","2","29662 29607 29681","1840015476"
"New Bedford","New Bedford","MA","Massachusetts","25005","Bristol","41.6697","-70.9428","149570","1840","shape","FALSE","TRUE","America/New_York","2","02740 02744 02745 02746","1840003219"
"Panama City","Panama City","FL","Florida","12005","Bay","30.1995","-85.6003","149366","395","shape","FALSE","TRUE","America/Chicago","2","32401 32404 32405","1840015034"
"Tuscaloosa","Tuscaloosa","AL","Alabama","01125","Tuscaloosa","33.2348","-87.5268","149302","627","shape","FALSE","TRUE","America/Chicago","2","35475 35476 35405 35404 35406 35401 35487","1840005563"
"Warner Robins","Warner Robins","GA","Georgia","13153","Houston","32.5961","-83.6527","148171","786","shape","FALSE","TRUE","America/New_York","2","31088 31005 31093","1840015800"
"Naperville","Naperville","IL","Illinois","17043","DuPage","41.7480","-88.1659","147734","1459","shape","FALSE","TRUE","America/Chicago","2","60540 60563 60564 60565","1840008143"
"Merced","Merced","CA","California","06047","Merced","37.3057","-120.4779","147690","1396","shape","FALSE","TRUE","America/Los_Angeles","2","95348 95340 95341","1840020313"
"Elkhart","Elkhart","IN","Indiana","18039","Elkhart","41.6916","-85.9627","147679","739","shape","FALSE","TRUE","America/Indiana/Indianapolis","2","46514 46517 46516","1840008187"
"Joliet","Joliet","IL","Illinois","17197","Will","41.5188","-88.1499","147323","881","shape","FALSE","TRUE","America/Chicago","2","60421 60586 60432 60433 60431 60436 60435","1840008192"
"Binghamton","Binghamton","NY","New York","36007","Broome","42.1014","-75.9093","146870","1651","shape","FALSE","TRUE","America/New_York","2","13904 13905 13901 13903","1840000460"
"Houma","Houma","LA","Louisiana","22109","Terrebonne","29.5800","-90.7059","146665","882","shape","FALSE","TRUE","America/Chicago","2","70363 70360","1840015063"
"Bellevue","Bellevue","WA","Washington","53033","King","47.5951","-122.1535","146145","1686","shape","FALSE","TRUE","America/Los_Angeles","2","98004 98005 98006 98007 98008","1840018417"
"Topeka","Topeka","KS","Kansas","20177","Shawnee","39.0346","-95.6955","145717","790","shape","FALSE","TRUE","America/Chicago","2","66621 66622 66609 66608 66607 66606 66605 66604 66603 66619 66611 66612 66614 66616","1840001621"
"Paterson","Paterson","NJ","New Jersey","34031","Passaic","40.9147","-74.1624","145484","6676","shape","FALSE","TRUE","America/New_York","2","07522 07524 07514 07513 07505 07501 07504 07503 07502","1840000838"
"Lake Charles","Lake Charles","LA","Louisiana","22019","Calcasieu","30.2010","-93.2111","145029","658","shape","FALSE","TRUE","America/Chicago","2","70605 70607 70601 70609 70615 70629","1840015039"
"Torrance","Torrance","CA","California","06037","Los Angeles","33.8346","-118.3416","144430","2717","shape","FALSE","TRUE","America/Los_Angeles","2","90277 90501 90503 90505 90504","1840021873"
"Thornton","Thornton","CO","Colorado","08001","Adams","39.9197","-104.9438","144186","1549","shape","FALSE","TRUE","America/Denver","2","80260 80233 80241 80640 80023 80229 80602","1840021422"
"Tyler","Tyler","TX","Texas","48423","Smith","32.3184","-95.3062","143616","711","shape","FALSE","TRUE","America/Chicago","2","75709 75702 75703 75701 75711","1840022076"
"Athens","Athens","GA","Georgia","13059","Clarke","33.9508","-83.3689","143081","414","shape","FALSE","TRUE","America/New_York","2","30602 30622 30601 30605 30606 30607 30609 30683","1840029463"
"Beaumont","Beaumont","TX","Texas","48245","Jefferson","30.0849","-94.1451","142759","549","shape","FALSE","TRUE","America/Chicago","2","77708 77705 77706 77707 77701 77702 77703 77713","1840019612"
"Pueblo","Pueblo","CO","Colorado","08101","Pueblo","38.2701","-104.6114","142726","779","shape","FALSE","TRUE","America/Denver","2","81004 81005 81003 81001 81008","1840020255"
"Odessa","Odessa","TX","Texas","48135","Ector","31.8801","-102.3448","142581","926","shape","FALSE","TRUE","America/Chicago","2","79762 79761 79763 79765","1840020794"
"Mesquite","Mesquite","TX","Texas","48113","Dallas","32.7602","-96.5865","142429","1134","shape","FALSE","TRUE","America/Chicago","2","75149 75126 75150 75181","1840020713"
"Fairfield","Fairfield","CA","California","06095","Solano","38.2583","-122.0335","142042","1081","shape","FALSE","TRUE","America/Los_Angeles","2","94533 94534 94535","1840020253"
"Pasadena","Pasadena","CA","California","06037","Los Angeles","34.1597","-118.1390","142017","2388","shape","FALSE","TRUE","America/Los_Angeles","2","91103 91101 91104 91125 91106 91107 91105","1840020505"
"Charleston","Charleston","WV","West Virginia","54039","Kanawha","38.3484","-81.6322","141640","579","shape","FALSE","TRUE","America/New_York","2","25387 25305 25304 25303 25302 25301 25311 25314","1840006196"
"Fullerton","Fullerton","CA","California","06059","Orange","33.8841","-117.9279","141061","2429","shape","FALSE","TRUE","America/Los_Angeles","2","92835 92833 92832 92831","1840020576"
"Algonac","Algonac","MI","Michigan","26147","St. Clair","42.6207","-82.5339","4057","1103","shape","FALSE","TRUE","America/Detroit","3","48001","1840003955"
